number,original_activity,improved_activity,implemented_change,intended_focus,mode,time,verification
1,Relative molecular mass of a volatile liquid,Molar mass of carbon dioxide by gas weighing,Replaces heated hexane with room-temperature gas weighing. Removes the fixed-plunger contradiction and adds an explicit air-mass correction.,Determine a gas molar mass from a corrected mass difference and pV = nRT.,Teacher demonstration,15–20 min plus calculations,Document review complete; live procedures require a local trial before first use.
2,Formula of a hydrated salt,Water of crystallisation in magnesium sulfate,"Adds a defined constant-mass criterion, hydration check and trial of complete dehydration.",Determine water of crystallisation by gravimetry; distinguish constant mass from one timed heating.,Student practical,60 min plus any further cooling cycles,Document review complete; live procedures require a local trial before first use.
3,Empirical formula of magnesium oxide,Empirical formula of magnesium oxide,Replaces an arbitrary ribbon length with a measurable mass and protects oxygen-gain precision.,Determine an empirical formula from a mass gain and evaluate whether the gain is large enough to measure.,Student practical,50–60 min,Document review complete; live procedures require a local trial before first use.
4,Relative molecular mass by titration,Molar mass of a diprotic acid by titration,"Clarifies acid identity, diprotic ratio, endpoint direction and concordance.","Combine volumetric solution preparation, diprotic stoichiometry and titration to determine Mr.",Student practical,60 min plus 20 min analysis,Document review complete; live procedures require a local trial before first use.
5,Precise reliable and accurate titration,Precision and accuracy in acid base titration,Adds individual concordant repeats and a reference for accuracy.,Develop repeatable endpoint judgement and separate precision from accuracy.,Student practical,50–60 min,Document review complete; live procedures require a local trial before first use.
6,Ethanoic acid concentration in vinegar,Ethanoic acid concentration in vinegar,"Makes dilution, endpoint and concentration calculations explicit.",Track a dilution factor through an authentic acid–base assay.,Student practical,50–60 min plus analysis,Document review complete; live procedures require a local trial before first use.
7,Indigestion tablet composition by back titration,Back titration of a known carbonate sample,Replaces variable antacid formulation with pure CaCO3; uses an acid-range indicator and explicit excess-acid calculation.,Practise the excess-reagent mole balance before analysing a formulated tablet.,Student practical,60 min plus analysis,Document review complete; live procedures require a local trial before first use.
8,Ammonium nitrate preparation by titration,Sodium chloride preparation by titration,Replaces ammonium nitrate entirely; no ammonium nitrate heating or neutral-pH claim remains.,Prepare a clean soluble salt using titration and account for isolated yield.,Student practical in stages,60 min plus crystallisation and drying revisit,Document review complete; live procedures require a local trial before first use.
9,Percentage conversion of magnesium carbonate,Thermal decomposition of sodium hydrogencarbonate,Replaces an ambiguous magnesium carbonate reagent with a defined compound and correct gas-loss equation.,Test a defined decomposition equation using constant-mass measurements.,Student practical,50–60 min,Document review complete; live procedures require a local trial before first use.
10,Formula of a precipitated product,Reacting ratios from precipitation data,Replaces the lead/centrifuge experiment while preserving breakpoint analysis and stoichiometry.,Infer a reacting ratio from a graph breakpoint and distinguish model data from measurements.,Data investigation with optional link to practical 03,25–35 min,Document review complete; live procedures require a local trial before first use.
11,Structure and bonding from properties,Structure from conductivity and solubility,Removes unsuitable high-temperature test-tube heating and adds controls and data-supported classification.,"Infer structure from several properties, acknowledging the limits of each test.",Student practical and data interpretation,45–60 min,Document review complete; live procedures require a local trial before first use.
12,Deflecting liquid streams with a charged rod,Molecular polarity and a deflected water stream,Uses the accepted simpler demonstration and removes a misleading binary solvent assay.,Connect molecular shape to net dipole and evaluate what a demonstration can establish.,Teacher demonstration and modelling,10–15 min,Document review complete; live procedures require a local trial before first use.
13,Reactions of Period 3 elements,Period 3 reactions and oxide behaviour,Narrows the activity to selected evidence; removes unsafe unneeded student reactions and the one-week cold-water timing dependency.,Link selected Period 3 evidence to oxide acid–base behaviour.,Observation and interpretation activity,30–40 min,Document review complete; live procedures require a local trial before first use.
14,Group 2 metals and solubility trends,Group 2 solubility and sulfate identification,"Adopts microscale student solubility tests, separates the four teaching components and removes the sealed gas instruction.",Distinguish Group 2 reactivity from hydroxide/sulfate solubility trends.,Student microscale tests plus observed demonstrations,Two lesson sections of 30–40 min,Document review complete; live procedures require a local trial before first use.
15,Halide identification and reducing ability,Halide identification and reducing strength,"Reconciles variants, corrects ammonia labels and species names, and replaces concentrated-acid gas handling with interpretation.",Distinguish halide identification from halide reducing strength.,Student tests plus separate redox interpretation,35 min tests and 15 min interpretation,Document review complete; live procedures require a local trial before first use.
16,Iron content of tablets by redox titration,Iron II determination by redox titration,"Adopts the known-salt training alternative; removes hot volumetric filling, tablet interference and poorly known titrant concentration.",Develop reliable redox titration and the 1:5 stoichiometric calculation.,Student practical,50–60 min plus analysis,Document review complete; live procedures require a local trial before first use.
17,Enthalpy of combustion of alcohols,Quantitative calorimetry instead of alcohol combustion,Replaces alcohol-burning calorimetry with the adopted quantitative neutralisation method. Fuel combustion is retained only as a written evaluation comparison.,Measure a quantitative enthalpy change with an explicit heat-loss evaluation.,Student practical,50–60 min,Document review complete; live procedures require a local trial before first use.
18,Measuring enthalpy changes in solution,Enthalpy of neutralisation by cup calorimetry,"Adopts one equal-concentration neutralisation, replacing the three competing methods and improving heat-loss treatment.",Measure a quantitative enthalpy change with an explicit heat-loss evaluation.,Student practical,50–60 min,Document review complete; live procedures require a local trial before first use.
19,Hess cycle for sodium hydrogencarbonate decomposition,Hess cycle for sodium hydrogencarbonate decomposition,"Fixes masses within the acid-excess range, controls foam and specifies the target cycle and signs.",Use measured reaction enthalpies to construct a Hess cycle with correct scaling and signs.,Student practical,60 min plus 20 min analysis,Document review complete; live procedures require a local trial before first use.
20,Hess cycle for magnesium sulfate hydration,Hess cycle for hydration of magnesium sulfate,Matches salt moles and final water content explicitly; removes approximate unmatched-state subtraction.,Use a Hess cycle to distinguish salt hydration from gaseous-ion hydration enthalpy.,Student practical,60 min plus analysis,Document review complete; live procedures require a local trial before first use.
21,Iron thiocyanate equilibrium,Concentration changes in iron thiocyanate equilibrium,Adopts the simple concentration comparison and removes the misleading ammonium-chloride arm.,Explain concentration changes using a reversible equilibrium and a reference sample.,Student microscale comparison,20–25 min,Document review complete; live procedures require a local trial before first use.
22,Cobalt equilibrium with concentration and temperature,Temperature changes in cobalt equilibrium,Consolidates cobalt work into one temperature demonstration; concentration teaching moves to iron thiocyanate.,Use temperature and reversibility to infer the sign of an equilibrium enthalpy change.,Teacher demonstration,10–15 min,Document review complete; live procedures require a local trial before first use.
23,Temperature and cobalt equilibrium,Cobalt equilibrium temperature demonstration,This is the same improved temperature demonstration as entry 22. Use one copy; do not book a second cobalt practical.,Use temperature and reversibility to infer the sign of an equilibrium enthalpy change.,Teacher demonstration,10–15 min,Document review complete; live procedures require a local trial before first use.
24,Kc for esterification,Equilibrium constant from a prepared ester mixture,"Adopts a pre-equilibrated teacher batch; fixes sealing, accurate sampling, catalyst correction and water accounting.","Determine equilibrium amounts by titration, including subtraction of acid catalyst.",Student titration of technician-prepared equilibrium mixture,50–60 min plus analysis; preparation at least one week earlier,Document review complete; live procedures require a local trial before first use.
25,Structural isomers using molecular models,Structural isomers with molecular models,Corrects the impossible propanol/cyclohexane grouping and the incomplete ether list.,Recognise identical connectivity despite rotations and systematically enumerate structural isomers.,Student modelling,25–35 min,Document review complete; live procedures require a local trial before first use.
26,Reactions of alkanes and alkenes,Controlled test for unsaturation,"Adopts prepared reagent and known controls, removing food-mixture claims and in-situ bromine extraction.",Use a controlled bromine test as evidence for unsaturation without over-identifying a substance.,Student microscale tests,20–25 min,Document review complete; live procedures require a local trial before first use.
27,Catalytic cracking including repeat cracking,Cracking hydrocarbons in one demonstration,Adopts the single-run demonstration and removes repeat cracking and ignition of initial gas.,Link cracking to formation of smaller molecules and evidence for C=C bonds.,Teacher demonstration,15–20 min,Document review complete; live procedures require a local trial before first use.
28,Formation of alkenes by cracking,Alkene evidence after catalytic cracking,Same improved single-run demonstration as entry 27; these source variants now agree and should not be scheduled twice.,Interpret the alkene test on a gas produced from a saturated feedstock.,Teacher demonstration,15–20 min,Document review complete; live procedures require a local trial before first use.
29,Making polystyrene,Addition polymerisation using models and a prepared sample,Adopts prepared sample/models instead of variable styrene polymerisation.,Connect monomer structure to repeat units and distinguish polymer from foam.,Student modelling with demonstration evidence,20–25 min,Document review complete; live procedures require a local trial before first use.
30,Halogenoalkane hydrolysis rates,Comparing halogenoalkane hydrolysis rates,Replaces variable drops with measured aliquots and states the limited inference from precipitation times.,Compare structural effects on hydrolysis with controlled conditions and an operational endpoint.,Student comparative practical,50–60 min,Document review complete; live procedures require a local trial before first use.
31,Preparation of a halogenoalkane,Liquid purification through cyclohexene preparation,Replaces 2-chloro-2-methylpropane preparation with the chosen cyclohexene purification route. Teach substitution separately using entry 30; do not duplicate entry 35.,"Develop separation, drying and distillation skills in the chosen cyclohexene route.",Student synthesis,Two 60 min lessons,Document review complete; live procedures require a local trial before first use.
32,Ethanol production by fermentation,Fermentation and recovery of ethanol,Keeps student fermentation while adopting a practical-scale teacher recovery; removes ignition and false purity claims.,Explain fermentation conditions and distinguish ethanol production from its isolation.,Student setup and teacher fractional distillation,20–30 min setup; 3–7 days; 20–30 min demonstration,Document review complete; live procedures require a local trial before first use.
33,Oxidation of a primary alcohol to an acid,Oxidation of ethanol under reflux,Replaces the insufficient original oxidant recipe with a published smaller-ethanol method; uses electric heating and explicit waste handling.,Connect reflux and controlled oxidation with subsequent distillation and product evidence.,Student synthesis under close supervision,Two 60 min lessons,Document review complete; live procedures require a local trial before first use.
34,Partial oxidation to an aldehyde,Why distillation favours an aldehyde,Adopts the demonstration/interpretation alternative instead of unreliable student collection of highly volatile ethanal.,Explain how product removal changes the extent of oxidation.,Teacher demonstration evidence and student interpretation,20–30 min,Document review complete; live procedures require a local trial before first use.
35,Cyclohexene from cyclohexanol,Preparation and purification of cyclohexene,"Adopts electric heating, explicit apparatus checks and full two-stage purification; provides the preferred RP10 liquid route.","Prepare and purify an organic liquid, separating conversion from isolated yield.",Student synthesis,Two 60 min lessons,Document review complete; live procedures require a local trial before first use.
36,Iodine clock initial rate method,Iodine clock with controlled detection threshold,"Replaces the inconsistent peroxide-dilution sheet with a defined iodide investigation, separate stocks and a calculated small fixed threshold.",Determine apparent order in iodide using a fixed small detection threshold.,Student kinetics investigation,60 min plus graph analysis,Document review complete; live procedures require a local trial before first use.
37,Rechargeable lead–acid cell,Rechargeable cells and charge discharge data,"Adopts a qualitative commercial-kit option and complete data activity, removing lead handling and lamp-time capacity claims.","Distinguish charge, energy and reversibility using controlled model data.",Teacher demonstration with data analysis,25–35 min,Document review complete; live procedures require a local trial before first use.
38,Acid–base titration curves,pH curves for the two required weak strong pairings,"Measures actual volume, uses stable pH readings and prioritises the two RP9 pairings.","Connect the pH–volume curve to equivalence, buffering and indicator choice.",Student practical,"Two 60 min lessons, one curve each",Document review complete; live procedures require a local trial before first use.
39,Defining an acid by conductivity,Acid strength using a conductivity probe,Replaces the DC circuit with a proper conductivity sensor and constrains the unknown inference.,Distinguish acid strength from concentration using controlled conductivity comparisons.,Student comparison or teacher demonstration,25 min student work or 10–15 min demo,Document review complete; live procedures require a local trial before first use.
40,Sodium carbonate titration curve,Two equivalence points in a carbonate pH curve,Provides one consistent dilute recipe with both endpoints inside a standard burette range.,Explain two protonation stages and locate both carbonate equivalence points.,Student extension practical,50–60 min,Document review complete; live procedures require a local trial before first use.
41,Complex formation with ammonia,Precipitation and ligand exchange with ammonia,"Separates limited/excess addition, removes variable cobalt oxidation from the core task and corrects the aqua-ion explanation.",Distinguish hydroxide precipitation from ligand substitution and oxidation.,Student microscale practical,20–30 min,Document review complete; live procedures require a local trial before first use.
42,Variable oxidation states of vanadium and chromium,Transition metal oxidation states from evidence,Makes the original teacher-demonstration recommendation an observation activity with complete reference evidence; removes unreliable open-tube endpoint promises.,Calculate oxidation states and distinguish redox from acid–base colour changes.,Teacher observation activity,20–25 min,Document review complete; live procedures require a local trial before first use.
43,Stereoisomers of limonene,Chirality and optical rotation,"Adopts models and optical-rotation data, making subjective smell optional.",Demonstrate non-superimposable mirror images and interpret optical rotation.,Student modelling and data interpretation,15–20 min,Document review complete; live procedures require a local trial before first use.
44,Making esters,Small scale preparation of an ester,"Specifies the alcohol isomer, reverses the wash addition for controlled fizzing and removes assessed smell recognition.","Explain ester formation, catalyst action and the purpose of removing residual acid.",Student practical,25–30 min,Document review complete; live procedures require a local trial before first use.
45,Aspirin from oil of wintergreen,Aspirin synthesis purification and melting range,"Adopts the shorter synthesis and actually includes recrystallisation, drying and melting-range measurement; catalyst lists now agree.","Prepare, recrystallise and assess the purity of an organic solid.",Student synthesis in stages,Two to three 60 min lessons plus drying,Document review complete; live procedures require a local trial before first use.
46,Identifying unknown organic compounds,Identifying organic functional groups systematically,Replaces the misleading original table with a controlled decision tree including an aldehyde; removes amine smelling and unnecessary esterification.,Plan a discriminating sequence covering the four RP6 functional groups.,Student planned investigation,60 min after a short planning task,Document review complete; live procedures require a local trial before first use.
47,Microscale test for unsaturation,Unsaturation testing with prepared bromine water,Replaces bromate/bromide generation and hexane extraction with prepared bromine water and known controls. It does not distinguish cyclohexene from limonene by casual drop counting.,Use controls to infer unsaturation without claiming unique identity.,Student microscale tests,20–25 min,Document review complete; live procedures require a local trial before first use.
